,tag_count
rock,3198
pop,1934
country,1280
classic rock,1105
hard rock,1022
heavy metal,619
Progressive rock,574
folk,572
jazz,496
soul,454
80s,374
alternative,347
thrash metal,326
female vocalists,293
punk rock,257
christmas,247
new wave,244
Hip-Hop,232
blues,229
Grunge,214
alternative rock,208
cover,206
electronic,204
indie,203
reggae,200
punk,188
britpop,177
singer-songwriter,171
rap,164
70s,163
rnb,144
hip hop,132
christian,128
Progressive metal,127
industrial,121
oldies,113
60s,105
Nu Metal,102
Soundtrack,99
Southern Rock,92
blues rock,92
Power metal,90
Disco,90
metal,87
comedy,86
soft rock,86
symphonic metal,79
worship,74
synthpop,74
dance,72
funk,69
acoustic,62
easy listening,60
AOR,58
west coast,57
Alt-country,56
Love Metal,54
gospel,51
metalcore,51
british,49
new age,47
death metal,45
vocal,44
horror punk,42
pop rock,41
Jam,41
trip-hop,37
chillout,36
90s,36
swing,35
rockabilly,34
acid jazz,34
Love,33
Gangsta Rap,33
Psychedelic Rock,32
indie rock,32
bluegrass,31
black metal,29
folk rock,29
heard on Pandora,28
james taylor,28
Fleetwood Mac,28
seen live,27
funk metal,27
industrial metal,26
glam rock,25
ska,25
celtic,24
jam band,24
pop punk,23
americana,23
goregrind,22
piano,22
Gothic Metal,22
Canadian,22
post-hardcore,21
post-punk,21
beautiful,21
covers,21
Dan Fogelberg,20
alternative metal,20
australian,19
guitar virtuoso,19
Contemporary Gospel,18
Rock and Roll,18
fip,17
experimental,17
Ballad,17
chill,17
psychopathic,16
favorites,16
christian rock,16
sad,16
latin,16
Chris Brown,15
r&b,15
Classical,14
progressive death metal,14
j-pop,14
Dirty South,14
favorite songs,14
psychedelic,14
Funk Rock,13
Josh Groban,13
classic country,13
power pop,13
other,13
romantic,13
House,12
italian,12
Gothic Rock,12
female vocalist,12
Latin Rock,11
Disney,11
irish,11
Morrissey,11
michael bolton,11
Jazz Rock,11
hair metal,11
jazz vocal,11
Demi Lovato,11
female,11
folk-rock,10
strings organs rubber wind,10
rhythm and blues,10
rock n roll,10
adult contemporary,10
sexy,10
industrial rock,10
Hillsong,10
country rock,10
sting,10
guitar,9
electronica,9
live,9
vugube62,9
Drake,9
justin bieber,9
Unreleased,9
parody,9
indie pop,9
dancehall,9
Smooth Jazz,9
world,9
emo,9
Awesome,8
Tom Jones,8
West Coast Rap,8
dream pop,8
oriental metal,8
Tom Waits,8
gino vannelli,8
6 of 10 stars,8
screamo,8
hardcore,8
westlife,8
50s,8
amayzes loved,8
contemporary christian,8
country christmas,8
pop music tag,8
melancholy,8
calypso,8
listened,7
radiohead,7
elton john,7
hiphop,7
80s Pop,7
Mellow,7
John Denver,7
rhythum and blues tag,7
b-side,7
alt country,7
Marianne Faithfull,7
worship and praise,7
jason mraz,7
Mariah Carey,7
golden age hip hop,7
christy moore,7
racism,7
mod,7
steely dan,7
Lady Gaga,6
israeli,6
Cross Rhythms,6
catchy,6
eclectonia,6
american,6
Cat Stevens,6
bon jovi,6
happy,6
relax,6
test,6
childrens,6
instrumental,6
r kelly,6
Contemporary Gospel Tag,6
male vocalist,6
Horrorcore,6
counting crows,6
praise and worship,6
amazing,5
heartland rock,5
Lana Del Rey,5
synth pop,5
prince,5
neo-classical metal,5
Ween,5
dino,5
folkrock,5
Kris Kristofferson,5
vocal jazz,5
Jam Bands,5
Hanson,5
Soundtracks,5
Traditional Country,5
male vocalists,5
Modern Talking,5
dubstep,5
funny,5
gucci mane,5
Reggaeton,5
123 drippy sappy,5
RB,5
lauraann163,5
Experimental Rock,5
Miley Cyrus,5
4 of 10 stars,5
madchester,5
Nu-metal,5
High School Musical,5
praise & worship,5
rainbowfreezepoppers,5
winter,5
smooth,5
Fall Out Boy,5
roktronic,5
freedom,5
one direction,5
east coast rap,5
jackson browne,4
Xscape,4
detroit,4
Lone Palm Coffee,4
Kirk Franklin,4
Jimmy Buffett,4
beach music,4
OPM,4
Ally McBeal,4
Retro,4
proto-punk,4
Tinsel,4
juggalo,4
new romantic,4
Roctronik,4
title is a full sentence,4
melancholic,4
Primus,4
poprock,4
musicals,4
duets,4
Neo Soul,4
Kylie Minogue,4
love songs,4
electropop,4
hand-picked country,4
nicki minaj,4
Rock  Roll,4
rapcore,4
Usher,4
outlaw country,4
more cowbell,4
names,4
MetroHadriani Loves this music,4
hopuke42,4
wraugh,4
Broadway OBC,4
Rihanna,4
Symphonic Rock,4
Linkin Park,4
Kanye West,4
classic,4
cool,4
Like,4
love at first listen,4
Lil Wayne,4
beatles cover,4
8 of 10 stars,4
gay,4
art rock,4
paul mccartney,3
elvis costello,3
Alternative  Punk,3
Fusion,3
Wicked,3
Iggy Pop,3
heavy roll,3
Bee Gees,3
G-funk,3
police and thieves,3
tantotempotaste,3
husky voice,3
UB40,3
lounge,3
joni mitchell,3
Folk Bluegrass Country,3
red shoes ecstasy,3
post-revolutionary pop song,3
musical,3
insane,3
nostalgic,3
Dylan,3
my soundtrack,3
love song,3
Veronica Mars,3
summer,3
wjlb-FM,3
Pop-Rock,3
carols,3
motown,3
7 of 10 stars,3
slow,3
roy orbison,3
sympathy68,3
Hillsong United,3
freestyle,3
whitney houston,3
party,3
rap rock,3
techno,3
kids,3
Morose Deep dilate Crimson,3
migos,3
5 times or less,3
stonedbeat,3
TheJazzCafeLovedTracks C,3
feel good,3
30 Strand Grass,3
California,3
russ ballard,3
folk-pop,3
northern soul,3
B-Sides,3
2010,3
english lyrics,3
brian,3
Neil Diamond,3
singersongwriter,3
judy garland,3
Yelawolf,3
Crunk,3
Jeezy,3
katy perry,3
young jeezy,3
Queen,3
Glam Metal,3
dope beat,3
JTMlate60s,3
bestallof,3
zappa,3
indigo girls,3
yello,3
2014,3
Coldplay,3
crooner,3
cher,3
Barbra Streisand,3
lips tongue and teeth,3
polyaztone,3
Asian,3
medieval,3
halloween,3
Broadway,3
wishlist,2
Britney Spears,2
Tracks:Christian,2
SuperTramp,2
80s rock,2
male,2
Old School soul,2
michael jackson,2
taylor swift,2
BSB,2
michael w smith,2
neptunes,2
sia,2
duet,2
Flamenco,2
great,2
Red Hot Chili Peppers,2
folk pop,2
Gothic,2
bonnie raitt,2
Owl City,2
f,2
vybz kartel,2
classic soul,2
wu-tang,2
crowded house,2
praise,2
post hardcore,2
Yellowcard,2
nuno bettencourt,2
West Coast swing,2
was ich mag,2
Bette Midler,2
Barbra,2
ambient,2
van morrison,2
Lionel Richie,2
bass,2
country-rock,2
slow jams,2
calm,2
melodic rock,2
Livas Ziemas svetku muzika,2
I wish so-lo was a person rather than an album because that would be the best person i have ever met,2
yacht rock,2
cabaret,2
british i like,2
Hip HopRap,2
bacharach,2
r and b,2
killforpeace,2
Weeeeeee,2
Moz,2
donovan cover,2
Neil Sedaka,2
Lou Reed,2
fantastic opener,2
the word it,2
legend,2
dark,2
songs with animals in title,2
first person songs,2
1983,2
Get Stoned,2
why on earth is this just a bonus track,2
George Strait,2
dallas,2
jpl,2
blues-rock,2
Mr como,2
Pop-punk,2
superrock kyoi,2
jesus,2
slow peppermint,2
political,2
nsbm,2
Tag,2
Wang Chung,2
modern vs classical,2
british artist,2
Pitbull,2
goth,2
1986,2
Nick Cave,2
Love it,2
written by jimmy webb,2
Idina Menzel,2
anti-war,2
powerpop,2
children,2
blue angel,2
finnish,2
Awesome Songs That Are Over 7 Minutes Long,2
jimmy webb,2
pinoy,2
relaxing,2
brit pop,2
jazzysxmas,2
U2,2
blackened thrash metal,2
memories,2
David Allan Coe,2
1,2
My Country,2
Lil Wayne J11,2
ella fitzgerald,2
BILLIE HOLIDAY - LADY DAY,2
Blue-Eyed Soul,2
Willie Nelson,2
rain,2
linedance,2
jazzyscrooners,2
nice,2
90s pop and rock,2
me,2
new jack swing,2
post-nerdcore,2
haiti,2
zakk wylde,2
pop rap,2
00s,2
Pop - Adult,2
travis,2
contraction songs,2
Carly Simon,2
bluesy,2
spoken word,2
Bruno Mars,2
downtempo,2
xmas,2
sex,2
Andy Williams,2
great stuff,2
2 of 10 stars,2
1964,2
horror metal,2
numbers,2
yolanda,2
400,2
Yolanda Adams,2
urban,2
upbeat,2
antial,2
2013,2
train,2
quiet storm,2
Everclear,2
type: love songs,2
Korn,2
Korean,2
hymns,2
food,2
satan and hell,2
lovely,2
weezer,2
george harrison,2
Christmas Music,2
GFR,2
pat benatar,2
streamable track wants,2
k-pop,2
2000,2
2009,2
sweet,2
ballads,2
warwick and after,1
Danja,1
george strait taggradio,1
Supernatural,1
drink to me,1
dave matthews band,1
house md,1
Acoustic Rock,1
blur,1
2013 releases,1
scrubs,1
Il Divo,1
Timbaland,1
Ariana Grande,1
hot,1
r and b LL Cool J,1
rap metal,1
30s,1
bing crosby,1
bing,1
Christmas Songs,1
Kurt Cobain,1
X to the Z,1
songs for dreaming,1
gute laune,1
feelin jazzy,1
Young Buck,1
fallon,1
named after a person,1
seduce me,1
wyclef,1
Morning mood,1
christmas religious,1
Timberland Beats,1
Barber Shop Quartet,1
alias,1
eleven roses Hank williams,1
artpop,1
divas,1
poptastic,1
Musical theatre,1
Zucchero,1
lady gaga is a fucking lyrical genius,1
future,1
chanteuse,1
the word melody,1
personal anthems,1
hank,1
bebopgdchill,1
hank williams III,1
vocalist,1
uk rock,1
lazy radio,1
oldie,1
english,1
ma lijia,1
female rapper,1
i get crazy,1
My pop music,1
sampled,1
fucked,1
ping pnog,1
the helping friendly book,1
RockPop,1
3 of 10 stars,1
rascal flatts,1
girls kick ass,1
cheap trick,1
psychedelic folk,1
a capella,1
Empowering,1
stream,1
Porieux-loved,1
Selena Gomez,1
fourstar,1
I Like It,1
underground hip hop,1
harry connick,1
simply the best,1
mercury guava lapis lazuli,1
linedance catalan,1
lost,1
spirituals,1
nat king cole,1
country taggradio,1
epic,1
alt rock,1
newbest,1
good keyboard job,1
OAR,1
deceased,1
quality,1
rock progressive,1
falco,1
Top 250,1
favorite tracks,1
so good i would get it tattooed,1
novelas da globo,1
waltz,1
Roxette,1
reggae-punk,1
simenu22,1
Christmas tag,1
Ragged but Right,1
Big Band,1
hman-truecountry-005,1
Down,1
FM4,1
john prine,1
friends,1
New Orleans Soul,1
jazz piano,1
the word heck,1
80s pop and rock,1
parks and recreation,1
country reggea,1
contemporary folk,1
broken heart,1
lovedtrack,1
DAC,1
Will Smith,1
doris day,1
touristic,1
film,1
2012,1
mellow out man,1
beer,1
Yngwie Malmsteen,1
middle school,1
disgrace to society,1
take off your clothes,1
pirate,1
jazz age,1
merkliste,1
noise,1
Vocal Music,1
xzibit,1
stargate,1
loveland,1
sad country,1
james pankow,1
free my mind,1
Druggy,1
Heartbreaking,1
swedish,1
Sleep,1
Hard,1
poppy,1
morning,1
toto,1
girls name,1
Michael Landau,1
neoclassical metal,1
Soft jazz,1
Pop/Rock,1
Neo-Soul,1
Glitter Grind and Static,1
DrinkingTunes,1
z9,1
doris,1
fire,1
great american songbook,1
DE,1
schlageroldies,1
LOVE IS A MANY SPLENDORED THING,1
legal drug,1
forever tonigt,1
feels like rain,1
pops,1
albul de 2004,1
love pop ballad,1
1052 loved,1
john waite,1
solx,1
all in a day,1
middle of the road rock,1
the word way,1
seen live by Nambucco,1
sea music,1
shanties,1
newfoundland,1
folk-hop,1
type: halloween,1
electro,1
stock aitken waterman,1
modern country,1
Patriotic,1
Filmmusikk,1
perramiro,1
jbsbest,1
utopia,1
songwriter,1
play it loud loud loud,1
Lloyd Cole,1
DNA,1
oreradio,1
brackenberry,1
one-word titles,1
music for rainy days,1
chilled vocal,1
80s christian,1
christian pop,1
medley,1
praise mood,1
point of grace,1
flj,1
all time fav,1
wish he was my brother,1
guiltypleasure rundgren,1
chilled,1
eiris-lloyd cole,1
Music Choice: Rock,1
FUCKING AWESOME,1
leadlips,1
A M screenplay soundtrack,1
john martyn,1
exuberant folk,1
O-Zone,1
the word hide,1
the word always,1
the word feel,1
Ladies and gentlemen - Boys and girls,1
insects,1
Beach,1
Yo Gotti,1
Jimmy Buffet,1
kaudogg,1
indonesia,1
Dewa,1
Iwan Fals,1
indonesian,1
Indonesian Pop,1
ungu,1
preselection,1
sound culture,1
soft pop,1
40s,1
WWII,1
Low,1
my gang 09,1
louisiana,1
utada hikaru,1
God will make a way,1
i offer my life,1
Shout to the Lord,1
all we like sheep,1
it didnt even start,1
fun,1
noa,1
perhonoriovecino,1
filipino pop rock,1
the speaks,1
erik santos,1
Tagalog songs,1
Ray Boltz,1
Angels and Demons,1
satan,1
songs to dedicate to republicans,1
holy shit,1
children song,1
modern,1
raffi xmas,1
philippines,1
say that u love me by regine,1
Lead me Lord,1
teleserye,1
Songs I Own On Vinyl,1
80s country,1
epic metal,1
old skool rnb,1
slow jam,1
exscape,1
thoughtful,1
mellows nice day,1
texas,1
hardcore rap,1
chopped and screwed,1
Sean,1
matt redman,1
British Christian music,1
goodman,1
great songs,1
For the Cross,1
pastel eggs,1
GreatChristian,1
the law,1
sebolo90,1
little mix,1
Ion want it,1
700,1
ozzy,1
the journey,1
tom waits mojo,1
songs about drugs,1
round,1
cocktail hour,1
the lizards lounge,1
melody,1
cool und entspannend,1
holiday,1
C,1
Songs with names,1
similar tracks: the cranberries - zombie,1
Rainy Day,1
songs with place names,1
about aagh,1
Australian Indie,1
Alternative PopRock,1
TINY BUBBLES,1
lazy blues,1
anytime is housetime,1
clinically romantic,1
quirky,1
meaningful lyrics,1
brutal,1
the word on,1
Avant-Garde,1
4 5 6 The Drip,1
british hard rock,1
Thomas Dolby,1
oasis,1
United Christian Broadcasters,1
M-O-B-O,1
omg,1
billboard hits to check out - the 70s,1
jewish,1
heartache,1
PopRock - Blues,1
old country,1
same,1
Waylon Jennings,1
Dream,1
new york,1
zappa-esque,1
az,1
song ive heard live,1
Artists I like,1
Gordon Lightfoot,1
Favourites,1
furniture,1
my life story,1
samples,1
underground rap,1
BRASIL FLAVOR,1
crossover,1
faygo,1
xxx,1
solo,1
soundtrackgdchill,1
the word town,1
better than the newer stuff,1
INXS,1
Kaddish,1
richard marx,1
crtth,1
elegant,1
Brutal Death Metal,1
Our Father,1
Energetic,1
favourite,1
help you find your way,1
Matt Norton,1
Musica Cristiana,1
NIF,1
planetshakers,1
ify,1
Believing Songs,1
Favorite Artists,1
george jones,1
666,1
OPM rock,1
Avril,1
avril lavigne,1
uncle kracker,1
bread,1
honey-coated,1
classic soft rock,1
leno,1
ministry of sound,1
liquido,1
BadHippie,1
alternative country,1
hman-18wheelspecial,1
Alternative Country-Rock,1
bruce springsteen cover,1
country vocal collaboration,1
Vince Gill,1
Best of,1
choon,1
better than prozac,1
the passion with which i love this is entirely irrational and yet i dont really care,1
mystic knights,1
songs under two minutes,1
danny elfman,1
Josh,1
crazy,1
auld lang syne,1
smokin hot,1
up,1
good,1
harmonica,1
rock - melodic,1
Leo Lastimosa,1
country gospel,1
wang chung-big world,1
brendan kelly,1
Simpsons Reference,1
all things annoying in the world put together into one stupid bitch,1
Dear You Heres Your Mixtape,1
Made me glad,1
MP3,1
relevant magazine christmas,1
Christian worship,1
10 of 10 stars,1
hymn,1
eagle,1
keep falling in love with you Lord,1
seattle,1
31 Songs,1
all the best,1
Pet Shop Boys,1
electro-pop,1
top,1
flawless,1
Melodic Death Metal,1
southern hemisphere christian music,1
Uplifting,1
NellyP,1
Hillsong United  Jesus Generation,1
Modern worship,1
xenomania,1
lmao,1
camp,1
ohh mr president,1
magical,1
jazz standard,1
stuff to download,1
naralon,1
christian inspirational,1
Jazz Vocal Tag,1
Jazz by Etta James,1
moody,1
Balearic Beat,1
linda ronstadt,1
bianca grooves,1
Future games,1
1980,1
jazz singers,1
gramusels dark secrets,1
danceable,1
indie folk,1
Wu Tang,1
shoegaze,1
Baladas,1
slgdmtopalbums,1
vocals,1
bizarro,1
clapton,1
baroque pop,1
Tribute,1
underrated,1
music about music,1
slide guitar blues,1
in love,1
Brems Tagg radio,1
80s Pop-Rock,1
wet wet wet,1
beatles,1
genius,1
opera,1
ponies,1
salsa,1
Too Early for the Sun,1
early 1990s,1
ninifars wish list,1
Youll be in my heart,1
Decade80s,1
forthebees,1
bitter,1
general,1
london,1
allboutguitar,1
World Music,1
schizophrenic,1
beardcore,1
uh huh honey,1
chamber pop,1
joni mitchell cover,1
Dancemania,1
call on me,1
gorgeous storybook,1
candy flavor,1
Homeys Slip Cube Shindy,1
erasure,1
minimal,1
Lorde,1
groovalicious,1
Tom Petty,1
its good to be bad,1
colourful song titles,1
under two minutes,1
all about frogs,1
Desert,1
sax,1
heavy,1
Bob Dylan cover,1
John Cale,1
makes me cry,1
here comes,1
burlesque,1
dream rock,1
Boogie Rock,1
the best,1
Madonna,1
stahlfront,1
gr last,1
evita,1
piano rock,1
Gilles Peterson,1
songs that mention new mexico,1
loneliness after dusk,1
3l3ktr0 ch1x,1
radio: indie,1
ik ben,1
groove,1
original seeds,1
coming home by tom jones,1
Roaming the Globe,1
donna,1
Kanal 30,1
amazing bass line,1
live version,1
Songs Seen Live,1
Jakes Station,1
The Beatles,1
Aussie,1
longing,1
chilly,1
You cannot speak to me as I am laughing and you are mute,1
lullabye,1
Jolly Rock,1
jangle pop,1
aibolits traumschloss,1
songs with my name on the title,1
intro,1
marilyn manson,1
autumn leaves,1
j,1
hombre vocalista,1
Andy,1
radio bav,1
Sir Colonel Wyatt,1
Kurt Weill,1
out of our heads,1
oldiess,1
High School,1
New York Punk,1
new order,1
melodic universe,1
my marilyn,1
13,1
cello,1
bob,1
cyndi lauper,1
Fave,1
baseball,1
Female fronted metal,1
Bob Dylan,1
hardcore punk,1
darkwave,1
goth rock,1
dark wave,1
blade runner,1
songs that remind me of other songs,1
modern talkig,1
spooky,1
eurodance,1
Cliff Richard,1
roots and twigs,1
german,1
2010s,1
paris,1
Everwood,1
europe dance,1
drinking music,1
swamp rock,1
dette kalles musikk,1
woodstock,1
best of 2012,1
disco 80,1
Europop,1
Favorite,1
q- -p,1
december,1
modern talking - Im so much love,1
soothing,1
GeSt,1
old school,1
1970s,1
Bossanova,1
my crazy cookbook,1
thin lizzy,1
Song Tre Cool put on youtube so funny,1
modern talking - taxi girl,1
rolling stones cover,1
Old School Punk,1
Power ballad,1
sea,1
dippy,1
dancing sweetly with Iggy,1
better on vinyl,1
NewZenithSpectrum,1
Travelling by car,1
Neil Young,1
Dope,1
angry,1
JaXXX,1
sad songs,1
nina simone,1
misc,1
emotional,1
Diss,1
dance-pop,1
Favorite songs ever,1
extensive vamping,1
alternative pop,1
zebrahead,1
really effective guitar effects,1
Radio Music,1
blue songs,1
simply lovely,1
Masterpiece,1
Nazareth,1
NSG,1
years,1
life story,1
goodbye,1
lesbian,1
if this song were a human i would marry it twice,1
iggy,1
twee,1
krautrock,1
drugs,1
OneRepublic,1
tv: teacher mother secret lover,1
maroon 5,1
the big three,1
july-4th,1
bigfoot,1
5 of 10 stars,1
native american,1
Leiber and Stoller,1
prison,1
back in tha day,1
jelli,1
steampunk,1
neatneatneat,1
Ella,1
album rock,1
to listen to,1
memphisunderground,1
keep-the-faith,1
yep,1
lush,1
sapphic,1
saint etienne the trip,1
late night,1
patti smith,1
ugly kid joe,1
dance-dance,1
Titanium Salvia Lapis Lazuli,1
kenny rogers,1
Suki pop,1
richard x,1
speed metal,1
Carole King,1
laidback,1
early country,1
2008,1
Ne-Yo,1
Swing Jazz,1
blueswutz,1
polka,1
Pokemon,1
genre: pop rock,1
soul music,1
war,1
two stars,1
psychedelic pop,1
solo beatles,1
the word lie,1
You and I,1
Crispin Glover sang it better,1
favorite by this singer,1
violin,1
slow jams tag,1
bill cosby,1
Isabel,1
old songs,1
Mundial 860,1
nikki,1
keyboards,1
songs that make me cry,1
Progressive,1
foxtrot,1
perry como,1
Old 97s,1
neo metal,1
sunny,1
Johnny Cash,1
Snoop Dogg,1
country folk,1
frozen,1
New Orleans,1
harmonies,1
slgdmbestof,1
atmospheric,1
inna,1
Garage Rock,1
folk - celtic,1
Air Supply,1
My Favourite Gold Songs,1
romanticas,1
Mark,1
soul tag,1
old school death metal,1
incubus,1
demo,1
Miscellaneous,1
Warren Zevon,1
rod stewart,1
gdchills60s,1
jazzywantsmoreplays,1
the word again,1
Amaury Delbusaye,1
urban gospel,1
I Can Tell You That,1
luther vandross,1
1981,1
slow soul love jams,1
easy listening vom feinsten,1
sublime,1
heart and soul,1
r  and b,1
sensual,1
colin,1
produced by marcus miller,1
are you there  with another guy,1
spanish,1
Irish Folk,1
fascination of japan,1
fav,1
radio nick,1
Camp Rock 2,1
camp rock,1
stuff I should be able to inject directly into my blood,1
overrated,1
aa,1
the word up,1
animal songs,1
eh eh is better,1
hao,1
paper writing music,1
good lyrics,1
carpenters,1
Great tunes,1
pop dance,1
1987,1
the word precious,1
Freakies,1
1989,1
jazz vocals,1
g,1
Roots Of Drone,1
Solomusika-Loved,1
country pop,1
tom douglas,1
Love this song,1
perignaciourioste,1
life is good,1
backstage photo,1
wedding,1
Get Closer,1
urban country,1
Keith Urban,1
running,1
dub reggae,1
lovers rock,1
hillary lindsey,1
gospel bluegrass,1
country music television,1
latin pop,1
Les Claypool,1
Reflective,1
skit,1
lean,1
interesting,1
We made it,1
Rave,1
wicky-easy,1
southern rap,1
freaky girl,1
3-d,1
whtd-FM,1
bad ass,1
music to get the pussy wet,1
Get Money,1
GucciManeJams,1
Eazy-E,1
grateful dead,1
US presidents,1
get your damn tags right,1
Ghetto Life,1
trumpet,1
louis armstrong,1
male vocals,1
st ignace,1
johnny mercer,1
avant garde rock,1
Alice Cooper,1
9 of 10 stars,1
racist,1
backstreet boys,1
nostalgia,1
degrassi lol,1
Eargasm,1
love the lyrics,1
wrong artist,1
friendsofthekingofrummelpop,1
the complete one,1
video,1
Music to annoy flesh eating individuals,1
heteromo,1
theo73 loves this music,1
top MOZ tune,1
feel it,1
dba,1
pink,1
why the hell is it only a bside,1
justice league,1
Welcome back-young jeezy,1
Rap  Hip-Hop,1
Fabolous,1
Roxy Music,1
Ke3 EAST COAST,1
fabolous - take you home,1
carmelsoulsista,1
jackie martin music,1
Post G-Funk,1
featuring,1
swagger,1
dance pop,1
weed songs,1
real,1
mellow shit,1
nu jazz,1
Tracy Chapman,1
Makes Me Smile,1
pearl jam,1
fhEasy,1
trance,1
chicks,1
impressive,1
2011,1
places,1
tungt09-,1
doo wop,1
Early Baby Boomer,1
Everlast,1
Foxy Lady,1
MJ - my bluez time,1
the word noon,1
sally free and easy,1
Antony,1
slow motion,1
Ciudad Volatil,1
phil ochs cover,1
tim hardin cover,1
Tina Turner,1
easy,1
gotanygoodmusic,1
Black,1
diane warren,1
Slow Rock,1
depresso,1
daydream,1
ssij,1
cover song,1
yes no maybe,1
Seattle rock,1
kat,1
The Great Gatsby,1
played at an edgar general night,1
cosmic country and psychedelic americana,1
Megadeth,1
sapnis nakti,1
gimme sum acoustic heart,1
jason,1
classic jazz,1
shit,1
Elvis Presley,1
p0p,1
80 bpm,1
space is the place,1
creeping chaos,1
Post punk,1
randomly awesome,1
l ignorance est la force,1
mistagged track,1
ed,1
Singer/Songwriter,1
4 Stars,1
standard,1
things i wish i could say,1
cover songs,1
Drum and bass,1
makes me faint,1
mexican,1
